Image,Accuracy,F1,Jaccard,Recall,Precision,Dice
ISIC_0000232.jpg,0.9705352783203125,0.9098716452742124,0.8346463435519781,0.8373711340206186,0.996116504854369,0.9098716452317446
ISIC_0014724.jpg,0.33563232421875,0.09944568544717465,0.05232456904057113,0.05232456904057113,1.0,0.09944568544511778
ISIC_0013637.jpg,0.93524169921875,0.0,0.0,0.0,0.0,0.0
ISIC_0015013.jpg,0.4608154296875,0.0028782662678480727,0.001441207222991494,0.001492668364211081,0.04012588512981904,0.002878266267766853
ISIC_0013461.jpg,0.932159423828125,0.0,0.0,0.0,0.0,0.0
ISIC_0010060.jpg,0.9476776123046875,0.0,0.0,0.0,0.0,0.0
ISIC_0012741.jpg,0.96820068359375,0.0,0.0,0.0,0.0,0.0
ISIC_0013223.jpg,0.889404296875,0.0,0.0,0.0,0.0,0.0
ISIC_0010063.jpg,0.1281890869140625,0.021811707099933228,0.011026102610261027,0.011026102610261027,1.0,0.021811707099559798
ISIC_0012445.jpg,0.9892578125,0.8482104355325571,0.7364283040059902,0.778393351800554,0.9317858834675509,0.8482104353496742
ISIC_0001181.jpg,0.969329833984375,0.0,0.0,0.0,0.0,0.0
ISIC_0012489.jpg,0.900115966796875,0.380465644520159,0.23492286115007013,0.23492286115007013,1.0,0.3804656444841505
ISIC_0000189.jpg,0.6719207763671875,0.32410172581811325,0.19338985594237695,0.19338985594237695,1.0,0.3241017258079249
ISIC_0000048.jpg,0.9772186279296875,0.9025902003001239,0.822473246135553,0.8363966142684401,0.980161541731614,0.902590200241235
ISIC_0000060.jpg,0.5491180419921875,0.19041617578563796,0.1052265019379845,0.1052265019379845,1.0,0.19041617578042094
ISIC_0000196.jpg,0.8104095458984375,0.5753733638631626,0.40387660125701674,0.40387660125701674,1.0,0.5753733638434991
ISIC_0014503.jpg,0.8809967041015625,0.0,0.0,0.0,0.0,0.0
ISIC_0013573.jpg,0.8961944580078125,0.022417013938784307,0.011335561691614591,0.011335561691614591,1.0,0.02241701393556301
ISIC_0014664.jpg,0.5077056884765625,0.22968746269369433,0.1297440185579802,0.1297440185579802,1.0,0.2296874626882103
ISIC_0014772.jpg,0.5976715087890625,0.2572048342113418,0.1475817923186344,0.1475817923186344,1.0,0.25720483420409596
ISIC_0016004.jpg,0.9458160400390625,0.0,0.0,0.0,0.0,0.0
ISIC_0000500.jpg,0.8643646240234375,0.5252870493991989,0.3561961323966104,0.3561961323966104,1.0,0.5252870493711462
ISIC_0014913.jpg,0.8002471923828125,0.6461604994999595,0.47727998722248843,0.4785028022417934,0.9946742115336606,0.6461604994824942
ISIC_0014692.jpg,0.97955322265625,0.8836603577009897,0.7915694509254938,0.8245301360985094,0.9519266741488964,0.8836603576242698
ISIC_0005555.jpg,0.919830322265625,0.0,0.0,0.0,0.0,0.0
ISIC_0002616.jpg,0.9680023193359375,0.0,0.0,0.0,0.0,0.0
ISIC_0014979.jpg,0.4681854248046875,0.0,0.0,0.0,0.0,0.0
ISIC_0012704.jpg,0.9732666015625,0.0,0.0,0.0,0.0,0.0
ISIC_0014910.jpg,0.5802764892578125,0.272744097506808,0.1579060156130415,0.1579060156130415,1.0,0.27274409749959694
ISIC_0014749.jpg,0.87493896484375,0.79098235234112,0.6542355720553493,0.6544012152924298,0.9996132525460873,0.7909823523209482
ISIC_0010036.jpg,0.665008544921875,0.3888765170916379,0.24136977780849372,0.24136977780849372,1.0,0.38887651708081294
ISIC_0012705.jpg,0.9859771728515625,0.0,0.0,0.0,0.0,0.0
ISIC_0011304.jpg,0.983245849609375,0.8862883181441591,0.7957969127766412,0.804777129960504,0.9861719290159022,0.8862883180523727
ISIC_0015174.jpg,0.8735198974609375,0.5253392887819962,0.3562441752096924,0.3582754042021401,0.9843347639484978,0.5253392887519133
ISIC_0015940.jpg,0.984100341796875,0.0,0.0,0.0,0.0,0.0
ISIC_0012248.jpg,0.62664794921875,0.0,0.0,0.0,0.0,0.0
ISIC_0010089.jpg,0.9906463623046875,0.9277718864145164,0.8652747252747253,0.8805636322970253,0.9803286852589641,0.9277718863051995
ISIC_0000192.jpg,0.63714599609375,0.4740799716914367,0.3106846773726013,0.3106846773726013,1.0,0.4740799716809519
ISIC_0013579.jpg,0.90447998046875,0.0,0.0,0.0,0.0,0.0
ISIC_0015015.jpg,0.633941650390625,0.36050541131310976,0.21988813735691987,0.21988813735691987,1.0,0.3605054113034999
ISIC_0014868.jpg,0.5580902099609375,0.22520666684501994,0.12689176967138982,0.12689176967138982,1.0,0.22520666683899498
ISIC_0011211.jpg,0.775299072265625,0.5938551492084505,0.422328573670171,0.422328573670171,1.0,0.5938551491920719
ISIC_0000231.jpg,0.8065032958984375,0.5562515309514645,0.3852828542343303,0.38571289915558576,0.997114540208255,0.5562515309319994
ISIC_0015980.jpg,0.9898834228515625,0.8794326241134752,0.7848101265822784,0.785064935064935,0.9995866060355518,0.8794326239535492
ISIC_0011224.jpg,0.800262451171875,0.3042415222706495,0.17941323971915749,0.17941323971915749,1.0,0.3042415222544785
ISIC_0014754.jpg,0.7882537841796875,0.48225944856919,0.31774827925270405,0.31774827925270405,1.0,0.4822594485511973
ISIC_0012877.jpg,0.919708251953125,0.0,0.0,0.0,0.0,0.0
ISIC_0011295.jpg,0.6756134033203125,0.46030819222665076,0.29896125309150867,0.29896125309150867,1.0,0.46030819221496516
ISIC_0013969.jpg,0.9412841796875,0.0,0.0,0.0,0.0,0.0
ISIC_0013840.jpg,0.5727386474609375,0.0,0.0,0.0,0.0,0.0
ISIC_0014794.jpg,0.6869354248046875,0.276270767928322,0.1602750378586338,0.16030784345832652,0.9987248150981892,0.27627076791857663
ISIC_0013181.jpg,0.950897216796875,0.0,0.0,0.0,0.0,0.0
ISIC_0000259.jpg,0.1061553955078125,0.0,0.0,0.0,0.0,0.0
ISIC_0012719.jpg,0.9080810546875,0.0,0.0,0.0,0.0,0.0
ISIC_0012208.jpg,0.9863433837890625,0.8265839953497385,0.7044253632760898,0.7044253632760898,1.0,0.8265839951895787
ISIC_0014693.jpg,0.367889404296875,0.06424215044047887,0.03318707991038088,0.03318707991038088,1.0,0.06424215043902773
ISIC_0000217.jpg,0.564453125,0.4037433155080214,0.2529313232830821,0.2529313232830821,1.0,0.4037433154995876
ISIC_0000075.jpg,0.5254058837890625,0.37306242567172604,0.22930346656094358,0.22932051345591514,0.9996759209247056,0.3730624256642063
ISIC_0000346.jpg,0.838623046875,0.4668817421110999,0.3045308081804432,0.3045308081804432,1.0,0.46688174208756517
ISIC_0010239.jpg,0.4731597900390625,0.4453404873973879,0.28645531950070263,0.28645531950070263,1.0,0.44534048739023374
ISIC_0000079.jpg,0.964752197265625,0.5711102859264761,0.3996881496881497,0.399792045749935,0.9993502274204028,0.57111028582044
ISIC_0013644.jpg,0.9097900390625,0.0,0.0,0.0,0.0,0.0
ISIC_0010322.jpg,0.134918212890625,0.010161324114812487,0.00510660700184259,0.00510660700184259,1.0,0.010161324114635077
ISIC_0009895.jpg,0.9094696044921875,0.7436152283825245,0.5918690238701245,0.5918690238701245,1.0,0.7436152283503904
ISIC_0015007.jpg,0.8247833251953125,0.3764999728511701,0.23190635451505018,0.23190635451505018,1.0,0.37649997283072706
ISIC_0015971.jpg,0.9914093017578125,0.673244341265235,0.5074365704286964,0.5074365704286964,1.0,0.6732443408744954
ISIC_0000337.jpg,0.6182708740234375,0.44464670233311876,0.28588147978990636,0.28588147978990636,1.0,0.444646702323248
ISIC_0000485.jpg,0.493194580078125,0.28173521906491933,0.16396496173983086,0.16396496173983086,1.0,0.2817352190588267
ISIC_0010846.jpg,0.483367919921875,0.0,0.0,0.0,0.0,0.0
ISIC_0015255.jpg,0.159637451171875,0.03433160331042222,0.017465612902074823,0.017465612902074823,1.0,0.03433160330982025
ISIC_0011118.jpg,0.893951416015625,0.43088765149033736,0.2746059910239015,0.2746059910239015,1.0,0.4308876514550534
ISIC_0012360.jpg,0.980682373046875,0.7932048350212348,0.6572820790471035,0.7762148337595908,0.8109552438209753,0.7932048348916686
ISIC_0012406.jpg,0.98095703125,0.0,0.0,0.0,0.0,0.0
ISIC_0013578.jpg,0.928466796875,0.0,0.0,0.0,0.0,0.0
ISIC_0000290.jpg,0.76666259765625,0.5297662976629767,0.36032795114197275,0.4203591645520203,0.7161622879946791,0.5297662976466861
ISIC_0013424.jpg,0.85247802734375,0.0,0.0,0.0,0.0,0.0
ISIC_0000530.jpg,0.840972900390625,0.4768597530368437,0.3130767202741893,0.3130767202741893,1.0,0.47685975301290734
ISIC_0012271.jpg,0.9576416015625,0.34957825679475163,0.2118114707552527,0.4238636363636364,0.2974481658692185,0.3495782567128448
ISIC_0012235.jpg,0.951904296875,0.0,0.0,0.0,0.0,0.0
ISIC_0014291.jpg,0.9158172607421875,0.23343059608170072,0.13213780084945728,0.13213780084945728,1.0,0.23343059604926628
ISIC_0012987.jpg,0.97528076171875,0.0,0.0,0.0,0.0,0.0
ISIC_0000215.jpg,0.482635498046875,0.4530408130343604,0.2928589305080504,0.2928589305080504,1.0,0.45304081302705207
ISIC_0015939.jpg,0.975433349609375,0.14634146341463414,0.07894736842105263,0.07894736842105263,1.0,0.14634146333704057
ISIC_0012903.jpg,0.985687255859375,0.7507970244420828,0.6010208421948107,0.6069587628865979,0.983983286908078,0.7507970242426151
ISIC_0012814.jpg,0.9579925537109375,0.42151712544652237,0.26703940362087325,0.26703940362087325,1.0,0.4215171253579497
ISIC_0013652.jpg,0.9443511962890625,0.0,0.0,0.0,0.0,0.0
ISIC_0014838.jpg,0.6756744384765625,0.44764948935838467,0.2883688228204098,0.2883688228204098,1.0,0.44764948934675164
ISIC_0010006.jpg,0.79559326171875,0.5825230615806533,0.4109576994107818,0.4109576994107818,1.0,0.5825230615624992
ISIC_0015311.jpg,0.6336212158203125,0.3411354718327251,0.20564396069738974,0.20564396069738974,1.0,0.3411354718233643
ISIC_0000518.jpg,0.8924102783203125,0.5936725638218175,0.4221439108342895,0.42283697258249875,0.9961322761554825,0.593672563787606
ISIC_0011362.jpg,0.8832244873046875,0.4977357747588108,0.33132372214941025,0.33132372214941025,1.0,0.4977357747261445
ISIC_0000327.jpg,0.896270751953125,0.5226123595505618,0.353740849890674,0.353740849890674,1.0,0.5226123595138614
ISIC_0000479.jpg,0.555419921875,0.17963734654803468,0.09868217533873662,0.09868217533873662,1.0,0.17963734654297675
ISIC_0012253.jpg,0.896240234375,0.0,0.0,0.0,0.0,0.0
ISIC_0010593.jpg,0.9599151611328125,0.677312369487778,0.5120728083209509,0.5120728083209509,1.0,0.6773123694045802
ISIC_0015603.jpg,0.969635009765625,0.7322389666307858,0.5775843769900233,0.5978905735003296,0.9444637278722666,0.7322389665322606
ISIC_0010444.jpg,0.963836669921875,0.16431593794076163,0.0895121014214368,0.0895121014214368,1.0,0.1643159378828223
ISIC_0010219.jpg,0.7997283935546875,0.0,0.0,0.0,0.0,0.0
ISIC_0013203.jpg,0.7393798828125,0.0,0.0,0.0,0.0,0.0
ISIC_0015153.jpg,0.3630523681640625,0.19235755054658024,0.10641349488376076,0.10641349488376076,1.0,0.19235755054285852
ISIC_0012901.jpg,0.97265625,0.49435665914221216,0.328335832083958,0.328335832083958,1.0,0.494356659002721
ISIC_0014908.jpg,0.933929443359375,0.7170304535354856,0.5588834555827221,0.5720542231491137,0.9604341736694678,0.7170304534886269
ISIC_0000047.jpg,0.8497314453125,0.5602000714540908,0.3890818858560794,0.3890818858560794,1.0,0.5602000714290729
ISIC_0013917.jpg,0.9559478759765625,0.1389800178944229,0.07467948717948718,0.07467948717948718,1.0,0.13898001785297345
ISIC_0012871.jpg,0.945556640625,0.0,0.0,0.0,0.0,0.0
ISIC_0012758.jpg,0.988555908203125,0.9101581217057978,0.8351285996922401,0.9169683804006759,0.903448275862069,0.9101581215967707
ISIC_0014453.jpg,0.97064208984375,0.0,0.0,0.0,0.0,0.0
ISIC_0014730.jpg,0.947784423828125,0.7311861743912019,0.5762753838533927,0.5831349454955519,0.9799957885870709,0.7311861743337639
ISIC_0012333.jpg,0.982177734375,0.0,0.0,0.0,0.0,0.0
ISIC_0014929.jpg,0.9774627685546875,0.8288330049831962,0.707698396991886,1.0,0.707698396991886,0.8288330048871442
ISIC_0013577.jpg,0.8971099853515625,0.0,0.0,0.0,0.0,0.0
ISIC_0014792.jpg,0.9849700927734375,0.8213961922030825,0.696923076923077,0.8162162162162162,0.8266423357664233,0.8213961920541439
ISIC_0010215.jpg,0.8407440185546875,0.4019253910950662,0.25150602409638556,0.25150602409638556,1.0,0.4019253910720345
ISIC_0015142.jpg,0.5634613037109375,0.26134104464124347,0.15031185031185032,0.15031185031185032,1.0,0.26134104463449587
ISIC_0013073.jpg,0.4825286865234375,0.11930298387306204,0.06343551505109087,0.06343551505109087,1.0,0.11930298386996382
ISIC_0011161.jpg,0.4912109375,0.0,0.0,0.0,0.0,0.0
ISIC_0000265.jpg,0.8600006103515625,0.6096575196766646,0.43849449204406366,0.43849449204406366,1.0,0.6096575196507272
ISIC_0013198.jpg,0.8388214111328125,0.002266931141966563,0.0011347517730496454,0.001156515034695451,0.05687203791469194,0.0022669311417524386
ISIC_0013341.jpg,0.7035369873046875,0.2965859309945331,0.1741126461211477,0.1741126461211477,1.0,0.29658593098379543
ISIC_0001204.jpg,0.9004058837890625,0.0,0.0,0.0,0.0,0.0
ISIC_0012372.jpg,0.94354248046875,0.0,0.0,0.0,0.0,0.0
ISIC_0015279.jpg,0.8491363525390625,0.3737252169506556,0.22980447144971566,0.22980447144971566,1.0,0.37372521692698263
ISIC_0000199.jpg,0.7960968017578125,0.4908363497809107,0.32523732579276915,0.3266061558744486,0.9872777437155119,0.4908363497622086
ISIC_0013364.jpg,0.974273681640625,0.05174353205849269,0.026558891454965358,0.026558891454965358,1.0,0.05174353202939059
ISIC_0000370.jpg,0.7511138916015625,0.5043605092831748,0.3372206420154409,0.3372206420154409,1.0,0.5043605092678489
ISIC_0015215.jpg,0.9068450927734375,0.6460664386341237,0.47717735719791043,0.47717735719791043,1.0,0.6460664385966685
ISIC_0013610.jpg,0.9853057861328125,0.8711705685618729,0.7717468594453663,0.7864734299516908,0.976311844077961,0.8711705684453284
ISIC_0014890.jpg,0.94256591796875,0.686071726438699,0.522153103973594,0.5403310562270099,0.9394700776610324,0.6860717263814786
ISIC_0014490.jpg,0.9742889404296875,0.0,0.0,0.0,0.0,0.0
ISIC_0011218.jpg,0.9575958251953125,0.6814899713467049,0.5168636995827538,0.5168636995827538,1.0,0.6814899712685971
ISIC_0014677.jpg,0.81646728515625,0.12891077636152956,0.06889611394952778,0.06889611394952778,1.0,0.12891077635219358
ISIC_0016038.jpg,0.9825592041015625,0.008673026886383347,0.004355400696864111,0.004355400696864111,1.0,0.008673026878861208
ISIC_0016046.jpg,0.986328125,0.8313253012048193,0.711340206185567,0.7648077589192934,0.9105154639175258,0.8313253010483197
ISIC_0013071.jpg,0.96112060546875,0.0,0.0,0.0,0.0,0.0
ISIC_0010168.jpg,0.8876190185546875,0.7055060178335799,0.5450052511274479,0.5450052511274479,1.0,0.7055060178053698
ISIC_0014108.jpg,0.8704681396484375,0.0,0.0,0.0,0.0,0.0
ISIC_0013740.jpg,0.900054931640625,0.0,0.0,0.0,0.0,0.0
ISIC_0010090.jpg,0.9929656982421875,0.9132643461900283,0.8403739612188366,0.8483047885354771,0.988997555012225,0.9132643460182004
ISIC_0010241.jpg,0.79010009765625,0.01078671077232849,0.00542260140264623,0.00542260140264623,1.0,0.010786710771552804
ISIC_0010180.jpg,0.8570709228515625,0.0633936606339366,0.03273440726972326,0.03273440726972326,1.0,0.06339366062759787
ISIC_0010032.jpg,0.9638214111328125,0.8406264703905357,0.725069573283859,0.7285331469183269,0.9934858595487767,0.8406264703340306
ISIC_0014682.jpg,0.358978271484375,0.12344030380169428,0.06578011030065825,0.06578011030065825,1.0,0.12344030379911863
ISIC_0013086.jpg,0.9880828857421875,0.8699417152373022,0.7698202180960801,0.7934386391251519,0.9627718392922964,0.8699417150924327
ISIC_0015298.jpg,0.94970703125,0.7278731836195509,0.5721703011422637,0.5721703011422637,1.0,0.7278731835594556
ISIC_0014985.jpg,0.42242431640625,0.0,0.0,0.0,0.0,0.0
ISIC_0013709.jpg,0.71405029296875,0.0,0.0,0.0,0.0,0.0
ISIC_0012756.jpg,0.765350341796875,0.01813306091176095,0.009149484536082475,0.009149484536082475,1.0,0.018133060910603176
ISIC_0012212.jpg,0.97235107421875,0.0,0.0,0.0,0.0,0.0
ISIC_0015968.jpg,0.9184417724609375,0.0,0.0,0.0,0.0,0.0
ISIC_0014028.jpg,0.98956298828125,0.7881040892193308,0.6503067484662577,0.7851851851851852,0.7910447761194029,0.7881040889751846
ISIC_0013294.jpg,0.97711181640625,0.5603751465416178,0.38925081433224756,0.38925081433224756,1.0,0.5603751463773813
ISIC_0011393.jpg,0.9799652099609375,0.6889362710258232,0.5254788579689194,0.5296903460837887,0.9850948509485095,0.6889362708626069
ISIC_0000102.jpg,0.9873809814453125,0.7842421080093921,0.6450643776824034,0.8208629164391044,0.7507492507492507,0.7842421078047894
ISIC_0013961.jpg,0.9704437255859375,0.0,0.0,0.0,0.0,0.0
ISIC_0011150.jpg,0.9716796875,0.8672579030181662,0.7656269731026645,0.7656269731026645,1.0,0.8672579029561395
ISIC_0010043.jpg,0.6699676513671875,0.0,0.0,0.0,0.0,0.0
ISIC_0000209.jpg,0.515869140625,0.3093600348280366,0.18298398310758612,0.18298398310758612,1.0,0.3093600348213026
ISIC_0000148.jpg,0.9571380615234375,0.8299327965126839,0.7093035289247646,0.70937694059201,0.999854121079504,0.8299327964624367
ISIC_0013888.jpg,0.9353790283203125,0.0,0.0,0.0,0.0,0.0
ISIC_0010255.jpg,0.9922027587890625,0.868603754178452,0.7677272727272727,0.8054363376251789,0.9425223214285714,0.8686037539551033
ISIC_0014785.jpg,0.9106597900390625,0.7362968968157456,0.582650224534892,0.5850271972516462,0.9930749605151258,0.7362968967825836
ISIC_0014537.jpg,0.7816314697265625,0.0,0.0,0.0,0.0,0.0
ISIC_0009940.jpg,0.5709686279296875,0.3115833802609994,0.18454176334106728,0.18454176334106728,1.0,0.3115833802533706
ISIC_0001103.jpg,0.8799896240234375,0.5460841461303169,0.37559542711972055,0.37559542711972055,1.0,0.5460841460988005
ISIC_0012907.jpg,0.9606170654296875,0.27479629109300363,0.15928338762214983,0.19282334384858044,0.4780058651026393,0.274796291015792
ISIC_0013159.jpg,0.851837158203125,0.0,0.0,0.0,0.0,0.0
ISIC_0014601.jpg,0.8550872802734375,0.0,0.0,0.0,0.0,0.0
ISIC_0016023.jpg,0.9591522216796875,0.0,0.0,0.0,0.0,0.0
ISIC_0012261.jpg,0.95849609375,0.0,0.0,0.0,0.0,0.0
ISIC_0006815.jpg,0.992401123046875,0.0,0.0,0.0,0.0,0.0
ISIC_0014883.jpg,0.85791015625,0.734125171311101,0.5799350415012631,0.5799350415012631,1.0,0.7341251712901403
ISIC_0000344.jpg,0.64447021484375,0.16856979731658578,0.09204270906398566,0.09204270906398566,1.0,0.1685697973105706
ISIC_0013169.jpg,0.3674163818359375,0.012105325866793757,0.006089520749922083,0.006089520749922083,1.0,0.012105325866505295
ISIC_0011229.jpg,0.7068634033203125,0.35087007940530496,0.21276072614022867,0.21276072614022867,1.0,0.3508700793934492
ISIC_0014951.jpg,0.441650390625,0.08538292341531693,0.04459530026109661,0.04459530026109661,1.0,0.08538292341318279
ISIC_0010481.jpg,0.9295806884765625,0.614999582881455,0.444042886399229,0.444042886399229,1.0,0.6149995828301493
ISIC_0010010.jpg,0.9548797607421875,0.7468538652512627,0.5959830577947807,0.5970435258691487,0.9970285714285714,0.7468538651873252
ISIC_0010024.jpg,0.8921661376953125,0.4184974903316054,0.26462018730489073,0.26462018730489073,1.0,0.4184974902971696
ISIC_0010022.jpg,0.578277587890625,0.3693697804955962,0.22651964625545729,0.22651964625545729,1.0,0.3693697804871681
ISIC_0014151.jpg,0.654449462890625,0.0,0.0,0.0,0.0,0.0
ISIC_0000277.jpg,0.650604248046875,0.37542960013092574,0.23109469442578912,0.23111797696208483,0.9995642701525055,0.37542960012068544
ISIC_0010326.jpg,0.670806884765625,0.12343572241183162,0.06577750833585935,0.06577750833585935,1.0,0.12343572240681636
ISIC_0011171.jpg,0.9889678955078125,0.9366067514248136,0.8807717678100264,0.9393246570524094,0.9339045287637698,0.9366067513426912
ISIC_0014076.jpg,0.3602294921875,0.0,0.0,0.0,0.0,0.0
ISIC_0010370.jpg,0.666412353515625,0.0,0.0,0.0,0.0,0.0
ISIC_0012961.jpg,0.965850830078125,0.668640805448623,0.5022241992882562,0.5022241992882562,1.0,0.6686408053496238
ISIC_0009868.jpg,0.8987884521484375,0.6033131989713534,0.43196026376637836,0.43196026376637836,1.0,0.6033131989352722
ISIC_0013310.jpg,0.7631683349609375,0.0,0.0,0.0,0.0,0.0
ISIC_0011334.jpg,0.0795745849609375,0.07119870659789053,0.03691344818226813,0.03691344818226813,1.0,0.07119870659679423
ISIC_0016071.jpg,0.968780517578125,0.0,0.0,0.0,0.0,0.0
ISIC_0012118.jpg,0.9722900390625,0.4817351598173516,0.3172932330827068,0.3172932330827068,1.0,0.48173515967987013
ISIC_0014635.jpg,0.8777313232421875,0.0,0.0,0.0,0.0,0.0
ISIC_0002439.jpg,0.942718505859375,0.524930397367755,0.35586822237474264,0.35586822237474264,1.0,0.524930397301325
ISIC_0016056.jpg,0.98809814453125,0.0,0.0,0.0,0.0,0.0
ISIC_0010863.jpg,0.6667938232421875,0.5839065566586003,0.4123361769692403,0.4123361769692403,1.0,0.5839065566474742
ISIC_0013831.jpg,0.991241455078125,0.8779761904761905,0.7824933687002652,0.7881679389312977,0.9908829174664108,0.8779761902895458
ISIC_0009880.jpg,0.8464202880859375,0.5276200309757356,0.35834502103786814,0.35834502103786814,1.0,0.5276200309509729
ISIC_0010000.jpg,0.527008056640625,0.2139270680123751,0.1197751022262608,0.1197751022262608,1.0,0.21392706800695016
ISIC_0010860.jpg,0.902496337890625,0.7717857142857143,0.6283803431230008,0.6296987003904656,0.9966792731297851,0.7717857142581505
ISIC_0000187.jpg,0.191314697265625,0.0,0.0,0.0,0.0,0.0
ISIC_0012227.jpg,0.727752685546875,0.0,0.0,0.0,0.0,0.0
ISIC_0012258.jpg,0.9467926025390625,0.0,0.0,0.0,0.0,0.0
ISIC_0011140.jpg,0.9482574462890625,0.670360649363274,0.5041672759175319,0.5041672759175319,1.0,0.6703606492981082
ISIC_0014576.jpg,0.912750244140625,0.0,0.0,0.0,0.0,0.0
ISIC_0014353.jpg,0.98553466796875,0.0,0.0,0.0,0.0,0.0
ISIC_0013493.jpg,0.8203582763671875,0.058235341172706186,0.029990936804811734,0.029990936804811734,1.0,0.058235341168047725
ISIC_0001100.jpg,0.9686737060546875,0.886417704011065,0.7960055643879174,0.7964804136011135,0.9992515903704627,0.8864177039620239
ISIC_0011097.jpg,0.9479217529296875,0.7492837728641739,0.5990837542581934,0.5990837542581934,1.0,0.7492837728091322
ISIC_0005639.jpg,0.8135223388671875,0.0,0.0,0.0,0.0,0.0
ISIC_0014197.jpg,0.856201171875,0.0,0.0,0.0,0.0,0.0
ISIC_0006193.jpg,0.9390106201171875,0.022021042329336923,0.011133102424542306,0.011133102424542306,1.0,0.02202104232394885
ISIC_0014633.jpg,0.98052978515625,0.0,0.0,0.0,0.0,0.0
ISIC_0009599.jpg,0.9326934814453125,0.040878451837355945,0.020865704772475027,0.020865704772475027,1.0,0.040878451828467395
ISIC_0002806.jpg,0.8718109130859375,0.0,0.0,0.0,0.0,0.0
ISIC_0000123.jpg,0.87890625,0.5447975220832856,0.3743791880173433,0.38900720838794234,0.9087256027554536,0.5447975220520364
ISIC_0000245.jpg,0.5899658203125,0.3003905233012236,0.17674090867314113,0.17674090867314113,1.0,0.300390523293403
ISIC_0013599.jpg,0.98779296875,0.0,0.0,0.0,0.0,0.0
ISIC_0000423.jpg,0.8652191162109375,0.7353408239700374,0.5814537528430629,0.5818397344713134,0.9988603988603989,0.7353408239480047
ISIC_0014694.jpg,0.8917999267578125,0.778827859393032,0.6377707396812423,0.6379010831800531,0.9996797181519738,0.77882785936874
ISIC_0004115.jpg,0.92169189453125,0.0,0.0,0.0,0.0,0.0
ISIC_0013248.jpg,0.9952545166015625,0.9032659409020217,0.8235961429381735,0.8985148514851485,0.9080675422138836,0.9032659406210681
ISIC_0000055.jpg,0.6319427490234375,0.21773958164423546,0.12217046364364219,0.12217046364364219,1.0,0.217739581637174
ISIC_0012348.jpg,0.9078216552734375,0.2964947012926517,0.17404976756904567,0.17404976756904567,1.0,0.2964947012581233
ISIC_0012700.jpg,0.982147216796875,0.6844660194174758,0.5202952029520295,0.5202952029520295,1.0,0.6844660192328841
ISIC_0013474.jpg,0.889129638671875,0.15531271797256452,0.08419460549533653,0.08419460549533653,1.0,0.1553127179545091
ISIC_0012989.jpg,0.96405029296875,0.0,0.0,0.0,0.0,0.0
ISIC_0000508.jpg,0.9171142578125,0.7218068216736658,0.5647087106338649,0.5647087106338649,1.0,0.7218068216366994
ISIC_0012102.jpg,0.9615478515625,0.0,0.0,0.0,0.0,0.0
ISIC_0010456.jpg,0.9721832275390625,0.650431447746884,0.4819551008809321,0.7598566308243727,0.5685551458263494,0.6504314476221608
ISIC_0009874.jpg,0.938720703125,0.7082243533856437,0.5482564679415073,0.5482564679415073,1.0,0.7082243533341889
ISIC_0014440.jpg,0.99322509765625,0.0,0.0,0.0,0.0,0.0
ISIC_0013585.jpg,0.48162841796875,0.0,0.0,0.0,0.0,0.0
ISIC_0015034.jpg,0.9527435302734375,0.8303292609434065,0.7098829039812646,0.7765139870888411,0.8921591711796563,0.8303292608979165
ISIC_0011105.jpg,0.6532440185546875,0.5099730458221025,0.3422575976845152,0.3422575976845152,1.0,0.5099730458111057
ISIC_0013207.jpg,0.9573516845703125,0.0,0.0,0.0,0.0,0.0
ISIC_0000233.jpg,0.471893310546875,0.4173989159344174,0.2637423417290674,0.2637423417290674,1.0,0.4173989159273912
ISIC_0015224.jpg,0.2277679443359375,0.11409666182365606,0.060499740105442935,0.060499740105442935,1.0,0.11409666182165881
ISIC_0014771.jpg,0.7424774169921875,0.5760080391910564,0.40450231113933877,0.4087861931250891,0.9747470453192756,0.5760080391765856
ISIC_0012325.jpg,0.8958282470703125,0.0,0.0,0.0,0.0,0.0
ISIC_0014225.jpg,0.977142333984375,0.0,0.0,0.0,0.0,0.0
ISIC_0014926.jpg,0.852142333984375,0.2675736961451247,0.1544502617801047,0.1544502617801047,1.0,0.26757369612489995
ISIC_0010356.jpg,0.9400177001953125,0.49993639486070474,0.33327679782903663,0.33327679782903663,1.0,0.49993639479710766
ISIC_0009906.jpg,0.7701263427734375,0.4265976477752826,0.27113067879432967,0.27153793972284135,0.9944986690328306,0.4265976477590455
ISIC_0013807.jpg,0.9791717529296875,0.0,0.0,0.0,0.0,0.0
ISIC_0014803.jpg,0.5238494873046875,0.30549064120540387,0.18028265209624883,0.18028265209624883,1.0,0.30549064119860475
ISIC_0012206.jpg,0.928558349609375,0.48242317046208266,0.3178904428904429,0.3178904428904429,1.0,0.48242317040875266
ISIC_0012699.jpg,0.992401123046875,0.8831534490849366,0.7907563025210084,0.9563008130081301,0.8204010462074979,0.8831534488777208
ISIC_0010019.jpg,0.808074951171875,0.6422232335874388,0.4729961872040893,0.4729961872040893,1.0,0.642223233569171
ISIC_0009923.jpg,0.799072265625,0.4760047751691206,0.31234006997754454,0.31234006997754454,1.0,0.47600477515017886
ISIC_0000242.jpg,0.83355712890625,0.7004942339373971,0.5390466531440162,0.5390466531440162,1.0,0.7004942339181632
ISIC_0014795.jpg,0.876953125,0.5156756756756756,0.34741442097596503,0.34879753006174846,0.9887148779364349,0.5156756756447042
ISIC_0015625.jpg,0.659698486328125,0.26240243418441594,0.1510145037877346,0.1510145037877346,1.0,0.26240243417573744
ISIC_0014716.jpg,0.6782989501953125,0.4190890805389469,0.26509341885108756,0.29514495284666437,0.722496674900247,0.4190890805273995
ISIC_0014129.jpg,0.655731201171875,0.0,0.0,0.0,0.0,0.0
ISIC_0015220.jpg,0.2829132080078125,0.029289653605436557,0.014862485326178098,0.014862485326178098,1.0,0.029289653604831562
ISIC_0000540.jpg,0.5966644287109375,0.34459844784409016,0.20816607752681085,0.20829711339588142,0.996987087517934,0.3445984478355459
ISIC_0000547.jpg,0.487945556640625,0.0,0.0,0.0,0.0,0.0
ISIC_0012086.jpg,0.5282745361328125,0.0,0.0,0.0,0.0,0.0
ISIC_0015953.jpg,0.917724609375,0.2093841642228739,0.11693416311824435,0.12473794549266247,0.6514598540145985,0.2093841641921724
ISIC_0015003.jpg,0.7246551513671875,0.4927617709065355,0.32693024990675124,0.32693024990675124,1.0,0.49276177089268414
ISIC_0014489.jpg,0.43267822265625,0.0,0.0,0.0,0.0,0.0
ISIC_0012898.jpg,0.9683074951171875,0.0,0.0,0.0,0.0,0.0
ISIC_0013229.jpg,0.9459228515625,0.0,0.0,0.0,0.0,0.0
ISIC_0011166.jpg,0.940765380859375,0.583118556701031,0.4115507048658481,0.4115507048658481,1.0,0.5831185566384108
ISIC_0000504.jpg,0.9248504638671875,0.5773620526902944,0.40583906381951984,0.40583906381951984,1.0,0.5773620526407481
ISIC_0012956.jpg,0.98046875,0.0,0.0,0.0,0.0,0.0
ISIC_0000449.jpg,0.9933929443359375,0.9040549523598493,0.8249090173877881,0.8963093145869947,0.9119356280733125,0.9040549521595269
ISIC_0014500.jpg,0.7238616943359375,0.0,0.0,0.0,0.0,0.0
ISIC_0014623.jpg,0.6618804931640625,0.22065909330707276,0.12401170145477546,0.12401170145477546,1.0,0.2206590932993121
ISIC_0014872.jpg,0.3116607666015625,0.0,0.0,0.0,0.0,0.0
ISIC_0010458.jpg,0.899322509765625,0.39031602291628165,0.24247990815154993,0.24247990815154993,1.0,0.3903160228802147
ISIC_0011203.jpg,0.6308135986328125,0.04792822571125015,0.02455249153362361,0.02455249153362361,1.0,0.047928225709364176
ISIC_0014094.jpg,0.986053466796875,0.0,0.0,0.0,0.0,0.0
ISIC_0012662.jpg,0.9912567138671875,0.0,0.0,0.0,0.0,0.0
ISIC_0000297.jpg,0.9588775634765625,0.78137421919364,0.641192917054986,0.6480958148297672,0.9836601307189542,0.7813742191302527
ISIC_0000105.jpg,0.9691162109375,0.7228915662650602,0.5660377358490566,0.5666452028332261,0.998109640831758,0.7228915661660882
ISIC_0000283.jpg,0.9405059814453125,0.8028517975425999,0.6706369319141747,0.8509110396570204,0.759931080693022,0.8028517975020047
ISIC_0014603.jpg,0.93975830078125,0.6621598493924354,0.4949469105795062,0.5098840274117027,0.9441190824792581,0.6621598493357728
ISIC_0013010.jpg,0.980010986328125,0.0,0.0,0.0,0.0,0.0
ISIC_0015176.jpg,0.49163818359375,0.20611923938426346,0.11490130442868149,0.11490130442868149,1.0,0.20611923937935187
ISIC_0013269.jpg,0.9724884033203125,0.0,0.0,0.0,0.0,0.0
ISIC_0002453.jpg,0.9560394287109375,0.44478704952784737,0.28599752168525405,0.28599752168525405,1.0,0.44478704944213004
ISIC_0013226.jpg,0.974884033203125,0.0,0.0,0.0,0.0,0.0
ISIC_0014288.jpg,0.829803466796875,0.0,0.0,0.0,0.0,0.0
ISIC_0013804.jpg,0.9869232177734375,0.3838964773544213,0.23754448398576514,0.23754448398576514,1.0,0.38389647707843527
ISIC_0013190.jpg,0.970428466796875,0.7195369030390738,0.5619349005424955,0.5619349005424955,1.0,0.719536902934944
ISIC_0010473.jpg,0.7047576904296875,0.4243596227650016,0.2693251765416714,0.2693251765416714,1.0,0.42435962275237676
ISIC_0015171.jpg,0.1183013916015625,0.0,0.0,0.0,0.0,0.0
ISIC_0014812.jpg,0.9803924560546875,0.8679749306483099,0.7667453258304593,0.8763485477178423,0.8597598208833707,0.8679749305591313
ISIC_0000515.jpg,0.662628173828125,0.40201222480662085,0.25157403019429964,0.25157403019429964,1.0,0.40201222479574805
ISIC_0012690.jpg,0.9659576416015625,0.6493792236366493,0.48080055852920645,0.48136067101584346,0.9975857073877354,0.6493792235345939
ISIC_0014337.jpg,0.94476318359375,0.0,0.0,0.0,0.0,0.0
ISIC_0000448.jpg,0.8924102783203125,0.6166893177493884,0.4458068065707773,0.4458068065707773,1.0,0.6166893177158635
ISIC_0010183.jpg,0.984466552734375,0.8361236316806182,0.7183955739972337,0.7669816893089191,0.918966737438075,0.83612363154602
ISIC_0012278.jpg,0.9867706298828125,0.13213213213213212,0.0707395498392283,0.0707395498392283,1.0,0.13213213199986773
ISIC_0001184.jpg,0.9513702392578125,0.0,0.0,0.0,0.0,0.0
ISIC_0013342.jpg,0.9774169921875,0.07960199004975124,0.04145077720207254,0.04145077720207254,1.0,0.07960199000024751
ISIC_0000529.jpg,0.722564697265625,0.4554983229516052,0.29491604296738666,0.29491604296738666,1.0,0.4554983229379642
ISIC_0014862.jpg,0.6408233642578125,0.2063989750851286,0.11507518796992482,0.11507518796992482,1.0,0.20639897507817
ISIC_0013908.jpg,0.8575897216796875,0.0,0.0,0.0,0.0,0.0
ISIC_0000034.jpg,0.9012908935546875,0.685160850732467,0.5210986082321587,0.5248676459622698,0.9864069506726457,0.685160850699121
ISIC_0013765.jpg,0.5728912353515625,0.036885386918074525,0.018789217232797,0.018789217232797,1.0,0.036885386916805374
ISIC_0013425.jpg,0.9769287109375,0.6785714285714286,0.5135135135135135,0.5135135135135135,1.0,0.6785714284271744
ISIC_0012721.jpg,0.901336669921875,0.3018786439213993,0.17777212614445576,0.17777212614445576,1.0,0.30187864388880603
ISIC_0013329.jpg,0.992523193359375,0.8082942097026604,0.6782665791201575,0.6832010582010583,0.9894636015325671,0.8082942093864264
ISIC_0015419.jpg,0.39593505859375,0.2097257156545694,0.11714725362949087,0.11714725362949087,1.0,0.20972571565038275
ISIC_0016014.jpg,0.9904327392578125,0.8900964066608238,0.8019583070120025,0.8267665255617063,0.9639331814730449,0.8900964065048034
ISIC_0013517.jpg,0.9873046875,0.0,0.0,0.0,0.0,0.0
ISIC_0009969.jpg,0.8130950927734375,0.5488896254557507,0.3782549109182275,0.3782549109182275,1.0,0.548889625435536
ISIC_0012837.jpg,0.280426025390625,0.0,0.0,0.0,0.0,0.0
ISIC_0011347.jpg,0.211273193359375,0.0,0.0,0.0,0.0,0.0
ISIC_0005548.jpg,0.8918304443359375,0.11109717868338558,0.05881571959638874,0.05881571959638874,1.0,0.1110971786694549
ISIC_0002489.jpg,0.93359375,0.3420018143332325,0.20627393762538757,0.20627393762538757,1.0,0.34200181428152376
ISIC_0000379.jpg,0.6942901611328125,0.35667726294833507,0.2170463871194654,0.2170463871194654,1.0,0.35667726293688223
ISIC_0000263.jpg,0.91802978515625,0.7687473095135601,0.6243619327319768,0.6243619327319768,1.0,0.7687473094804672
ISIC_0000376.jpg,0.8157196044921875,0.33922416151447177,0.20425644066679843,0.20425644066679843,1.0,0.33922416149591156
ISIC_0000121.jpg,0.7479400634765625,0.1562899024464988,0.08476923929303562,0.08476923929303562,1.0,0.15628990243851626
ISIC_0012246.jpg,0.9315185546875,0.6541307028360049,0.4860284012826386,0.4860284012826386,1.0,0.6541307027855942
ISIC_0013184.jpg,0.7624053955078125,0.0011546603374174096,0.0005776636713735559,0.0005776636713735559,1.0,0.0011546603373433408
ISIC_0012151.jpg,0.800750732421875,0.3747965144115676,0.23061513080367665,0.23061513080367665,1.0,0.37479651439362266
ISIC_0013664.jpg,0.9521636962890625,0.0,0.0,0.0,0.0,0.0
ISIC_0010267.jpg,0.4686126708984375,0.010006538363135004,0.00502842775920688,0.00502842775920688,1.0,0.01000653836285054
ISIC_0000287.jpg,0.8274688720703125,0.6404655155966803,0.4710917765927589,0.49905847373637263,0.8936906557813471,0.6404655155763151
ISIC_0014696.jpg,0.65570068359375,0.46546005875106605,0.30332221810547116,0.30332221810547116,1.0,0.4654600587400393
ISIC_0012520.jpg,0.9665069580078125,0.5105908584169454,0.34281437125748504,0.34281437125748504,1.0,0.5105908583031012
ISIC_0014581.jpg,0.7168731689453125,0.0,0.0,0.0,0.0,0.0
ISIC_0014473.jpg,0.8768463134765625,0.008841950141225593,0.004440606882940668,0.004440606882940668,1.0,0.008841950140139757
ISIC_0012879.jpg,0.9847259521484375,0.6403162055335968,0.47093023255813954,0.47093023255813954,1.0,0.6403162053035156
ISIC_0010262.jpg,0.9612274169921875,0.7807403572353093,0.6403397027600849,0.6403397027600849,1.0,0.7807403571679402
ISIC_0013166.jpg,0.937408447265625,0.6579386257505003,0.4902448117310799,0.49091587854654056,0.9972194135490394,0.6579386256956355
ISIC_0007796.jpg,0.9542083740234375,0.0,0.0,0.0,0.0,0.0
ISIC_0010059.jpg,0.95880126953125,0.6599496221662469,0.4924812030075188,0.4924812030075188,1.0,0.6599496220831298
ISIC_0014092.jpg,0.98046875,0.0,0.0,0.0,0.0,0.0
ISIC_0012770.jpg,0.97772216796875,0.0,0.0,0.0,0.0,0.0
ISIC_0010192.jpg,0.9577178955078125,0.875152061275062,0.7780181046222863,0.7839212204374849,0.9904140322251682,0.8751520612356318
ISIC_0005666.jpg,0.916656494140625,0.0,0.0,0.0,0.0,0.0
ISIC_0014619.jpg,0.919342041015625,0.0,0.0,0.0,0.0,0.0
ISIC_0011398.jpg,0.7691497802734375,0.582590702165816,0.4110250321174135,0.4110250321174135,1.0,0.5825907021497423
ISIC_0014567.jpg,0.92828369140625,0.44549315714959886,0.286581663630844,0.286581663630844,1.0,0.44549315709703946
ISIC_0014968.jpg,0.65838623046875,0.340209831427561,0.20497159090909092,0.20497159090909092,1.0,0.3402098314175348
ISIC_0013733.jpg,0.9624176025390625,0.0,0.0,0.0,0.0,0.0
ISIC_0015037.jpg,0.50225830078125,0.2380640941792021,0.13511507052709726,0.13511507052709726,1.0,0.2380640941736414
ISIC_0010238.jpg,0.695037841796875,0.24048035266398116,0.13667386609071275,0.13667386609071275,1.0,0.24048035265484227
ISIC_0011112.jpg,0.500274658203125,0.5177014608859567,0.34925586663222524,0.34925586663222524,1.0,0.5177014608783327
ISIC_0012143.jpg,0.8131103515625,0.0,0.0,0.0,0.0,0.0
ISIC_0014222.jpg,0.7042236328125,0.0,0.0,0.0,0.0,0.0
ISIC_0013946.jpg,0.8293609619140625,0.0,0.0,0.0,0.0,0.0
ISIC_0013084.jpg,0.7763671875,0.29019759783029836,0.1697258101065035,0.1697258101065035,1.0,0.2901975978162438
ISIC_0000110.jpg,0.9017333984375,0.12117903930131005,0.06449738524113888,0.06449738524113888,1.0,0.1211790392847736
ISIC_0014187.jpg,0.991790771484375,0.0,0.0,0.0,0.0,0.0
ISIC_0013518.jpg,0.6163330078125,0.0,0.0,0.0,0.0,0.0
ISIC_0012710.jpg,0.98822021484375,0.0,0.0,0.0,0.0,0.0
ISIC_0000299.jpg,0.449310302734375,0.29854227405247813,0.17546264564770392,0.17546264564770392,1.0,0.29854227404667555
ISIC_0001852.jpg,0.9786224365234375,0.0,0.0,0.0,0.0,0.0
ISIC_0010554.jpg,0.889678955078125,0.3291890888847653,0.19702354509107065,0.19702354509107065,1.0,0.32918908885422254
ISIC_0014331.jpg,0.6759490966796875,0.0,0.0,0.0,0.0,0.0
ISIC_0014637.jpg,0.9642791748046875,0.550240153698367,0.37953882851842036,0.37953882851842036,1.0,0.5502401535926531
ISIC_0000200.jpg,0.8607177734375,0.6323209538387174,0.46233138952700714,0.46233138952700714,1.0,0.6323209538132474
ISIC_0001133.jpg,0.7760467529296875,0.2244649933949802,0.12642104636628773,0.13384586300333984,0.6950261780104712,0.22446499338311943
ISIC_0010248.jpg,0.692596435546875,0.17217291255752795,0.09419540488287396,0.09419540488287396,1.0,0.1721729125504531
ISIC_0014683.jpg,0.82122802734375,0.41131544568385087,0.2589031564298817,0.2590506329113924,0.9978059483178937,0.41131544566318384
ISIC_0014554.jpg,0.84259033203125,0.0,0.0,0.0,0.0,0.0
ISIC_0016030.jpg,0.907623291015625,0.0,0.0,0.0,0.0,0.0
ISIC_0008785.jpg,0.9403839111328125,0.5442668844045259,0.37387820512820513,0.37387820512820513,1.0,0.5442668843410396
ISIC_0010368.jpg,0.9722137451171875,0.9172836702248467,0.8472059070313811,0.8660262458186808,0.9749903437620703,0.9172836701831804
ISIC_0013695.jpg,0.9495849609375,0.0,0.0,0.0,0.0,0.0
ISIC_0009188.jpg,0.964630126953125,0.0,0.0,0.0,0.0,0.0
ISIC_0014715.jpg,0.93756103515625,0.7015317286652079,0.5402763734411864,0.5405800359712231,0.9989613626921479,0.7015317286140386
ISIC_0000339.jpg,0.9019927978515625,0.4448094044429078,0.286016007114273,0.286016007114273,1.0,0.4448094044044594
ISIC_0000155.jpg,0.941558837890625,0.9355826157158235,0.8789621717283443,0.8817766787140955,0.9963817439277782,0.9355826157000877
ISIC_0001299.jpg,0.9384765625,0.0,0.0,0.0,0.0,0.0
ISIC_0011227.jpg,0.650054931640625,0.0,0.0,0.0,0.0,0.0
ISIC_0014286.jpg,0.99078369140625,0.0,0.0,0.0,0.0,0.0
ISIC_0013836.jpg,0.9844970703125,0.0,0.0,0.0,0.0,0.0
ISIC_0014652.jpg,0.5149078369140625,0.2814456524195918,0.1637688402556751,0.16380330974242943,0.998716714789862,0.28144565241323044
ISIC_0011110.jpg,0.96044921875,0.852760736196319,0.7433155080213903,0.7459749552772809,0.9952267303102625,0.8527607361478777
ISIC_0015614.jpg,0.9486541748046875,0.6081285664376382,0.4369143239625167,0.44367034834324554,0.966321243523316,0.6081285663668186
ISIC_0012147.jpg,0.965850830078125,0.0,0.0,0.0,0.0,0.0
ISIC_0000505.jpg,0.9158782958984375,0.6063548732595502,0.43508556204529153,0.43508556204529153,1.0,0.6063548732162546
ISIC_0016052.jpg,0.8179168701171875,0.0,0.0,0.0,0.0,0.0
ISIC_0013434.jpg,0.9584197998046875,0.0,0.0,0.0,0.0,0.0
ISIC_0015945.jpg,0.9872894287109375,0.6364033173286774,0.4667093469910371,0.47245625405055086,0.9745989304812834,0.6364033170508934
ISIC_0000278.jpg,0.446502685546875,0.0,0.0,0.0,0.0,0.0
ISIC_0011139.jpg,0.635894775390625,0.0,0.0,0.0,0.0,0.0
ISIC_0000532.jpg,0.8766326904296875,0.5835694050991501,0.412,0.412,1.0,0.5835694050690925
ISIC_0013525.jpg,0.94879150390625,0.5278559369724254,0.35856269113149847,0.35856269113149847,1.0,0.5278559368981631
ISIC_0013288.jpg,0.963623046875,0.0,0.0,0.0,0.0,0.0
ISIC_0011207.jpg,0.94073486328125,0.0,0.0,0.0,0.0,0.0
ISIC_0000413.jpg,0.531402587890625,0.0,0.0,0.0,0.0,0.0
ISIC_0013340.jpg,0.9839935302734375,0.0,0.0,0.0,0.0,0.0
ISIC_0015175.jpg,0.9281768798828125,0.761586385047865,0.6149693251533742,0.6169374692269818,0.9948392219134577,0.76158638500929
ISIC_0000032.jpg,0.6720733642578125,0.0013939872682496167,0.0006974797730865805,0.0006974797730865805,1.0,0.0013939872681848432
ISIC_0014438.jpg,0.90216064453125,0.0,0.0,0.0,0.0,0.0
ISIC_0015113.jpg,0.9255828857421875,0.7828680824540314,0.6432072572975346,0.6434426229508197,0.9994316244174151,0.7828680824191768
ISIC_0000542.jpg,0.6712493896484375,0.3611942953716607,0.220400926327978,0.220400926327978,1.0,0.3611942953609513
ISIC_0013651.jpg,0.6745452880859375,0.10242814459453772,0.0539785327774328,0.0539785327774328,1.0,0.10242814459022732
ISIC_0012735.jpg,0.9865570068359375,0.6806814063066329,0.515934065934066,0.515934065934066,1.0,0.6806814060599198
ISIC_0013816.jpg,0.8743133544921875,0.0,0.0,0.0,0.0,0.0
ISIC_0015251.jpg,0.9612884521484375,0.0,0.0,0.0,0.0,0.0
ISIC_0000173.jpg,0.878387451171875,0.7805012393280089,0.6400180668473351,0.6484829069607798,0.9800124489937063,0.7805012393065133
ISIC_0014850.jpg,0.8518524169921875,0.08655564963778342,0.04523551971678631,0.04523551971678631,1.0,0.08655564962964007
ISIC_0014708.jpg,0.8376312255859375,0.5460905174252442,0.3756014552282596,0.3778630460448642,0.9843149315700446,0.5460905174019498
ISIC_0009875.jpg,0.8004150390625,0.5681458003169572,0.3967902600996126,0.3967902600996126,1.0,0.568145800298199
ISIC_0014720.jpg,0.55938720703125,0.19695199955503642,0.10923280994539902,0.10923280994539902,1.0,0.19695199954955914
ISIC_0013813.jpg,0.4514007568359375,0.0,0.0,0.0,0.0,0.0
ISIC_0000387.jpg,0.9235992431640625,0.4055562151252523,0.25435591958302306,0.25435591958302306,1.0,0.4055562150771036
ISIC_0010558.jpg,0.62799072265625,0.26971004073807814,0.15587563188144865,0.15587563188144865,1.0,0.2697100407299991
ISIC_0012671.jpg,0.9098052978515625,0.4561597203054559,0.29547079856972586,0.29547079856972586,1.0,0.456159720263487
ISIC_0014941.jpg,0.8023529052734375,0.5122199209188477,0.34428470183254023,0.3446510920792581,0.9969217238346526,0.5122199208995587
ISIC_0000527.jpg,0.8835296630859375,0.6757847343159326,0.510328457788042,0.510328457788042,1.0,0.6757847342872283
ISIC_0016072.jpg,0.896575927734375,0.0,0.0,0.0,0.0,0.0
ISIC_0013346.jpg,0.8597412109375,0.0,0.0,0.0,0.0,0.0
ISIC_0000421.jpg,0.919586181640625,0.7067987092466896,0.5465496472207881,0.5465496472207881,1.0,0.7067987092073662
ISIC_0008403.jpg,0.90643310546875,0.0,0.0,0.0,0.0,0.0
ISIC_0000229.jpg,0.799407958984375,0.6927499649418034,0.5299291997425445,0.5306882475112799,0.9973082099596231,0.6927499649256124
ISIC_0001449.jpg,0.95166015625,0.1330049261083744,0.0712401055408971,0.0712401055408971,1.0,0.13300492607197456
ISIC_0015526.jpg,0.97735595703125,0.8831863979848866,0.7908091344798421,0.7966486793524566,0.990815966089721,0.8831863979153662
ISIC_0002673.jpg,0.944580078125,0.0,0.0,0.0,0.0,0.0
ISIC_0015167.jpg,0.48895263671875,0.34303648489603766,0.2070271806042239,0.2070271806042239,1.0,0.3430364848893088
ISIC_0000533.jpg,0.660308837890625,0.1743806556890669,0.09551862836712306,0.09551862836712306,1.0,0.17438065568259972
ISIC_0011329.jpg,0.3188629150390625,0.3725454366557497,0.22891295710904977,0.22891295710904977,1.0,0.37254543665051315
ISIC_0012469.jpg,0.768402099609375,0.0,0.0,0.0,0.0,0.0
ISIC_0011349.jpg,0.40203857421875,0.11774505830969427,0.0625553189962443,0.0625553189962443,1.0,0.11774505830704343
ISIC_0000061.jpg,0.807373046875,0.5651994213680512,0.3939219357626386,0.3939219357626386,1.0,0.5651994213485845
ISIC_0015256.jpg,0.18267822265625,0.06702431547411691,0.03467416378316032,0.03467416378316032,1.0,0.06702431547294949
ISIC_0008600.jpg,0.8883209228515625,0.29968424074251265,0.1762521102982555,0.1762521102982555,1.0,0.2996842407138375
ISIC_0015313.jpg,0.55670166015625,0.45566963951135425,0.2950596913520334,0.2950596913520334,1.0,0.45566963950281664
ISIC_0014542.jpg,0.7294158935546875,0.04553528176974003,0.02329808327825512,0.02329808327825512,1.0,0.045535281767289125
ISIC_0000220.jpg,0.96307373046875,0.8322938322938322,0.7127596439169139,0.7248038624019312,0.9772172497965825,0.8322938322361543
ISIC_0000254.jpg,0.909088134765625,0.6882586856425282,0.5246908655763861,0.5246908655763861,1.0,0.6882586856065164
ISIC_0013079.jpg,0.8981475830078125,0.0,0.0,0.0,0.0,0.0
ISIC_0001286.jpg,0.9405975341796875,0.0,0.0,0.0,0.0,0.0
ISIC_0001212.jpg,0.89422607421875,0.0,0.0,0.0,0.0,0.0
ISIC_0010465.jpg,0.937103271484375,0.8030389908256881,0.6708982035928144,0.671863756296474,0.9978624866405416,0.8030389907873166
ISIC_0009881.jpg,0.95513916015625,0.8613861386138614,0.7565217391304347,0.7579654829074013,0.9974885346145447,0.8613861385732491
ISIC_0013360.jpg,0.979339599609375,0.0,0.0,0.0,0.0,0.0
ISIC_0010336.jpg,0.7931060791015625,0.4304616289326669,0.2742600224803297,0.2742600224803297,1.0,0.43046162891458556
ISIC_0000366.jpg,0.9703826904296875,0.7149361139668087,0.5563428571428571,0.5619949203417225,0.9822437449556094,0.7149361138618099
ISIC_0015293.jpg,0.940399169921875,0.6510630695015187,0.48264900662251653,0.48264900662251653,1.0,0.6510630694433569
ISIC_0014933.jpg,0.983734130859375,0.8847567567567568,0.7933307483520744,0.9705882352941176,0.8128724672228844,0.8847567566611073
ISIC_0013219.jpg,0.9849853515625,0.0,0.0,0.0,0.0,0.0
ISIC_0011127.jpg,0.934112548828125,0.6329479768786127,0.4630021141649049,0.4630021141649049,1.0,0.6329479768248089
ISIC_0000074.jpg,0.7694854736328125,0.5445995237090405,0.37419221209610604,0.37419221209610604,1.0,0.5445995236926235
ISIC_0015962.jpg,0.978759765625,0.0,0.0,0.0,0.0,0.0
ISIC_0006914.jpg,0.8860931396484375,0.0,0.0,0.0,0.0,0.0
ISIC_0000149.jpg,0.58416748046875,0.3270446463848281,0.19548916573182973,0.19548916573182973,1.0,0.3270446463767522
ISIC_0014545.jpg,0.9715423583984375,0.6857624262847515,0.5217948717948718,0.5217948717948718,1.0,0.6857624261692059
ISIC_0014513.jpg,0.9157867431640625,0.0,0.0,0.0,0.0,0.0
ISIC_0001769.jpg,0.978118896484375,0.5529925187032418,0.3821628608358466,0.3821628608358466,1.0,0.5529925185308627
ISIC_0013429.jpg,0.96099853515625,0.4580152671755725,0.297029702970297,0.297029702970297,1.0,0.458015267078453
ISIC_0013498.jpg,0.968017578125,0.5899843505477308,0.4184239733629301,0.4184239733629301,1.0,0.5899843504323191
ISIC_0000256.jpg,0.9828338623046875,0.8931725382204919,0.8069663692518875,0.9867813680234998,0.8157849089332176,0.8931725381356782
ISIC_0011156.jpg,0.720550537109375,0.6132370332826491,0.4422075351018792,0.44374828081542833,0.9922093897355293,0.6132370332696985
ISIC_0014166.jpg,0.9122161865234375,0.0,0.0,0.0,0.0,0.0
ISIC_0013568.jpg,0.991668701171875,0.7029379760609358,0.5419463087248322,0.5588235294117647,0.9472140762463344,0.7029379756784886
ISIC_0015638.jpg,0.806243896484375,0.17854832449217234,0.09802528768290951,0.09802528768290951,1.0,0.1785483244806218
ISIC_0012672.jpg,0.946075439453125,0.41354132094258217,0.2606694560669456,0.2606694560669456,1.0,0.41354132087395595
ISIC_0012228.jpg,0.9460906982421875,0.0,0.0,0.0,0.0,0.0
ISIC_0014931.jpg,0.7626495361328125,0.1978237326594812,0.10976935843873405,0.11002753556677375,0.9790709545686574,0.19782373264927935
ISIC_0000072.jpg,0.9668121337890625,0.8429942972641306,0.7285999500873471,0.731520922074668,0.9945494804973599,0.8429942972032777
ISIC_0008256.jpg,0.9715423583984375,0.5141964053138838,0.34607293127629735,0.34607293127629735,1.0,0.5141964051799437
ISIC_0013155.jpg,0.9957275390625,0.0,0.0,0.0,0.0,0.0
ISIC_0012201.jpg,0.982269287109375,0.8278008298755186,0.7061946902654868,0.7096036585365854,0.9932432432432432,0.8278008297528451
ISIC_0000324.jpg,0.66436767578125,0.09069863579991733,0.04750357251115057,0.04750357251115057,1.0,0.0906986357961679
ISIC_0003308.jpg,0.90643310546875,0.0,0.0,0.0,0.0,0.0
ISIC_0013817.jpg,0.942779541015625,0.4966442953020134,0.33035714285714285,0.33035714285714285,1.0,0.49664429523534975
ISIC_0014937.jpg,0.2873077392578125,0.09812894630133812,0.05159600389863548,0.05159600389863548,1.0,0.09812894629944334
ISIC_0012678.jpg,0.9693603515625,0.7009234435507894,0.5395551479018573,0.5406709558823529,0.9961896697713802,0.700923443446392
ISIC_0000137.jpg,0.8645477294921875,0.6190619233575076,0.4482908638906153,0.44845809500124345,0.999168859952902,0.6190619233309419
ISIC_0014726.jpg,0.6276397705078125,0.18025462729685243,0.09905486229048217,0.09943666147802238,0.9626838894869035,0.1802546272907973
ISIC_0012316.jpg,0.9872589111328125,0.4581440622972096,0.29713804713804715,0.29713804713804715,1.0,0.4581440619999065
ISIC_0000377.jpg,0.9434051513671875,0.8100773209073685,0.6807814786126173,0.6816614960358497,0.9981072555205047,0.8100773208658878
ISIC_0015416.jpg,0.4896392822265625,0.15748507519081084,0.08547288983676482,0.08547288983676482,1.0,0.15748507518684388
ISIC_0008524.jpg,0.9734039306640625,0.0,0.0,0.0,0.0,0.0
ISIC_0015353.jpg,0.810791015625,0.0009668063164679343,0.00048363694986296955,0.0007536741615374953,0.0013480116827679174,0.0009668063163900414
ISIC_0010847.jpg,0.6444549560546875,0.0,0.0,0.0,0.0,0.0
ISIC_0013096.jpg,0.9472198486328125,0.6382934225661403,0.4687452004300415,0.4687452004300415,1.0,0.6382934224993941
ISIC_0000294.jpg,0.3022308349609375,0.0947799750579013,0.049747521974939216,0.049747521974939216,1.0,0.0947799750560251
ISIC_0000501.jpg,0.9098358154296875,0.6552307602543905,0.48724401249566124,0.48732858878666896,0.9996439380452199,0.6552307602161601
ISIC_0015161.jpg,0.6829071044921875,0.2660780505032668,0.15345445657487372,0.15345445657487372,1.0,0.26607805049386973
ISIC_0000537.jpg,0.668670654296875,0.25412201154163233,0.1455554243890922,0.1455554243890922,1.0,0.2541220115329032
ISIC_0000082.jpg,0.8598175048828125,0.6274684724869227,0.4571614275584968,0.4571614275584968,1.0,0.6274684724614789
ISIC_0013355.jpg,0.9957275390625,0.0,0.0,0.0,0.0,0.0
ISIC_0015226.jpg,0.9925994873046875,0.8918135177336605,0.8047504025764896,0.9615199615199616,0.8315307820299501,0.8918135175347282
ISIC_0015981.jpg,0.985626220703125,0.77001953125,0.6260420801905519,0.6379449838187702,0.9710591133004927,0.7700195310620069
ISIC_0015071.jpg,0.9320220947265625,0.8601211968978618,0.754572498898193,0.758710463634853,0.9928240069585387,0.8601211968708555
ISIC_0011317.jpg,0.987030029296875,0.8749264273101824,0.7776615223646351,0.962135922330097,0.8022126281705343,0.874926427181441
ISIC_0007693.jpg,0.944305419921875,0.0,0.0,0.0,0.0,0.0
ISIC_0012904.jpg,0.87628173828125,0.0,0.0,0.0,0.0,0.0
ISIC_0011328.jpg,0.814605712890625,0.392621475704859,0.24426198917708528,0.24426198917708528,1.0,0.39262147568523187
ISIC_0008145.jpg,0.9748687744140625,0.0,0.0,0.0,0.0,0.0
ISIC_0014663.jpg,0.5567474365234375,0.040622213415238285,0.02073220064724919,0.02073220064724919,1.0,0.040622213413896685
ISIC_0014684.jpg,0.9758148193359375,0.8438885058603368,0.7299369568921452,1.0,0.7299369568921452,0.8438885057772196
ISIC_0000164.jpg,0.7513427734375,0.4328669868448528,0.276215856095936,0.276215856095936,1.0,0.43286698682978814
ISIC_0001105.jpg,0.9290618896484375,0.6727669458717533,0.5068943572337717,0.5068943572337717,1.0,0.6727669458243988
ISIC_0012390.jpg,0.8693084716796875,0.0,0.0,0.0,0.0,0.0
ISIC_0010018.jpg,0.9837493896484375,0.9378392575731045,0.8829541707879986,0.9008746355685131,0.9779671332927572,0.9378392575183657
ISIC_0013326.jpg,0.9656219482421875,0.0,0.0,0.0,0.0,0.0
ISIC_0012381.jpg,0.8769989013671875,0.0,0.0,0.0,0.0,0.0
ISIC_0014072.jpg,0.4191436767578125,0.002463247818453395,0.0012331426772314634,0.0012331426772314634,1.0,0.002463247818388846
ISIC_0001188.jpg,0.9623565673828125,0.0,0.0,0.0,0.0,0.0
ISIC_0002353.jpg,0.9308319091796875,0.0,0.0,0.0,0.0,0.0
ISIC_0013000.jpg,0.9872283935546875,0.0,0.0,0.0,0.0,0.0
ISIC_0008807.jpg,0.9613189697265625,0.0,0.0,0.0,0.0,0.0
ISIC_0009902.jpg,0.7613983154296875,0.3931385104979237,0.2446623514636267,0.2446623514636267,1.0,0.39313851048266624
ISIC_0000535.jpg,0.894256591796875,0.6623465211459755,0.4951555328913819,0.4951555328913819,1.0,0.6623465211137036
ISIC_0001185.jpg,0.9584197998046875,0.0,0.0,0.0,0.0,0.0
ISIC_0000556.jpg,0.5978240966796875,0.3422425195278381,0.20644908773408804,0.20644908773408804,1.0,0.3422425195192972
ISIC_0000182.jpg,0.8119049072265625,0.4530327905222523,0.29285222579164755,0.29285222579164755,1.0,0.45303279050215056
ISIC_0000494.jpg,0.9034423828125,0.44772211555245245,0.2884291015405375,0.2884291015405375,1.0,0.44772211551337737
ISIC_0013967.jpg,0.9568328857421875,0.5035971223021583,0.33653846153846156,0.33653846153846156,1.0,0.5035971222137924
ISIC_0015056.jpg,0.533843994140625,0.18944016980631467,0.10463071512309496,0.10463071512309496,1.0,0.1894401698012884
ISIC_0013035.jpg,0.9352874755859375,0.0,0.0,0.0,0.0,0.0
ISIC_0000185.jpg,0.854339599609375,0.6435931899641577,0.47448389760528487,0.47448389760528487,1.0,0.6435931899401287
ISIC_0010475.jpg,0.8632965087890625,0.226939339028389,0.12799299201868794,0.12799299201868794,1.0,0.22693933900880667
ISIC_0000053.jpg,0.5093841552734375,0.20023381339701019,0.11125545911880148,0.11125545911880148,1.0,0.2002338133920296
ISIC_0009945.jpg,0.9373626708984375,0.5703819989534276,0.3989751098096633,0.3989751098096633,1.0,0.5703819988937329
ISIC_0011305.jpg,0.923980712890625,0.5850408129268699,0.41346833058629623,0.41346833058629623,1.0,0.5850408128781408
ISIC_0000052.jpg,0.603485107421875,0.5247274855512474,0.35568173365401307,0.35568173365401307,1.0,0.5247274855416503
